INSERT INTO DOCUMENT_TYPE (DOCUMENT_TYPE_ID, NAME, CODE) VALUES (1, 'паспорт', 'passport');
INSERT INTO DOCUMENT_TYPE (DOCUMENT_TYPE_ID, NAME, CODE) VALUES (2, 'водительское удостоверение', 'driverLicense');
INSERT INTO DOCUMENT_TYPE (DOCUMENT_TYPE_ID, NAME, CODE) VALUES (3, 'свидетельство о рождении', 'birthCertificate');

INSERT INTO ATTRIBUTE (ATTRIBUTE_ID, NAME, CODE) VALUES (1, 'дата выдачи', 'dateIssue');
INSERT INTO ATTRIBUTE (ATTRIBUTE_ID, NAME, CODE) VALUES (2, 'дата рождения', 'dateBirth');
INSERT INTO ATTRIBUTE (ATTRIBUTE_ID, NAME, CODE) VALUES (3, 'серия/номер паспотра', 'passportSerialNumber');
INSERT INTO ATTRIBUTE (ATTRIBUTE_ID, NAME, CODE) VALUES (4, 'серия/номер водительского удостоверения', 'driverLicenseSerialNumber');
INSERT INTO ATTRIBUTE (ATTRIBUTE_ID, NAME, CODE) VALUES (5, 'ФИО', 'name');
INSERT INTO ATTRIBUTE (ATTRIBUTE_ID, NAME, CODE) VALUES (6, 'ФИО отца', 'nameFather');
INSERT INTO ATTRIBUTE (ATTRIBUTE_ID, NAME, CODE) VALUES (7, 'ФИО матери', 'nameMother');

INSERT INTO DOCUMENT_TYPE_ATTRIBUTE (DOCUMENT_TYPE_ID, ATTRIBUTE_ID) VALUES (1, 1);
INSERT INTO DOCUMENT_TYPE_ATTRIBUTE (DOCUMENT_TYPE_ID, ATTRIBUTE_ID) VALUES (1, 2);
INSERT INTO DOCUMENT_TYPE_ATTRIBUTE (DOCUMENT_TYPE_ID, ATTRIBUTE_ID) VALUES (1, 3);
INSERT INTO DOCUMENT_TYPE_ATTRIBUTE (DOCUMENT_TYPE_ID, ATTRIBUTE_ID) VALUES (1, 5);

INSERT INTO DOCUMENT_TYPE_ATTRIBUTE (DOCUMENT_TYPE_ID, ATTRIBUTE_ID) VALUES (2, 1);
INSERT INTO DOCUMENT_TYPE_ATTRIBUTE (DOCUMENT_TYPE_ID, ATTRIBUTE_ID) VALUES (2, 2);
INSERT INTO DOCUMENT_TYPE_ATTRIBUTE (DOCUMENT_TYPE_ID, ATTRIBUTE_ID) VALUES (2, 4);
INSERT INTO DOCUMENT_TYPE_ATTRIBUTE (DOCUMENT_TYPE_ID, ATTRIBUTE_ID) VALUES (2, 5);

INSERT INTO DOCUMENT_TYPE_ATTRIBUTE (DOCUMENT_TYPE_ID, ATTRIBUTE_ID) VALUES (3, 1);
INSERT INTO DOCUMENT_TYPE_ATTRIBUTE (DOCUMENT_TYPE_ID, ATTRIBUTE_ID) VALUES (3, 2);
INSERT INTO DOCUMENT_TYPE_ATTRIBUTE (DOCUMENT_TYPE_ID, ATTRIBUTE_ID) VALUES (3, 5);
INSERT INTO DOCUMENT_TYPE_ATTRIBUTE (DOCUMENT_TYPE_ID, ATTRIBUTE_ID) VALUES (3, 6);
INSERT INTO DOCUMENT_TYPE_ATTRIBUTE (DOCUMENT_TYPE_ID, ATTRIBUTE_ID) VALUES (3, 7);

-- CALL ADD_ATTRIBUTE_TO_ALL_DOCUMENT_TYPES('dateIssue');
-- CALL ADD_ATTRIBUTE_TO_ALL_DOCUMENT_TYPES('dateBirth');
-- CALL ADD_ATTRIBUTE_TO_ALL_DOCUMENT_TYPES('name');
--
-- CALL ADD_ATTRIBUTE_TO_DOCUMENT_TYPE('passportSerialNumber', 'passport');
-- CALL ADD_ATTRIBUTE_TO_DOCUMENT_TYPE('driverLicenseSerialNumber', 'driverLicense');
-- CALL ADD_ATTRIBUTE_TO_DOCUMENT_TYPE('nameFather', 'birthCertificate');
-- CALL ADD_ATTRIBUTE_TO_DOCUMENT_TYPE('nameMother', 'birthCertificate');

INSERT INTO DOCUMENT (DOCUMENT_ID, DOCUMENT_TYPE_ID, NAME) VALUES (1, 1, 'паспорт1');
INSERT INTO DOCUMENT (DOCUMENT_ID, DOCUMENT_TYPE_ID, NAME) VALUES (2, 1, 'паспорт2');
INSERT INTO DOCUMENT (DOCUMENT_ID, DOCUMENT_TYPE_ID, NAME) VALUES (3, 1, 'паспорт3');

INSERT INTO DOCUMENT (DOCUMENT_ID, DOCUMENT_TYPE_ID, NAME) VALUES (4, 2, 'водительское удостоверение1');
INSERT INTO DOCUMENT (DOCUMENT_ID, DOCUMENT_TYPE_ID, NAME) VALUES (5, 2, 'водительское удостоверение2');
INSERT INTO DOCUMENT (DOCUMENT_ID, DOCUMENT_TYPE_ID, NAME) VALUES (6, 2, 'водительское удостоверение3');

INSERT INTO DOCUMENT (DOCUMENT_ID, DOCUMENT_TYPE_ID, NAME) VALUES (7, 3, 'свидетельство о рождении1');
INSERT INTO DOCUMENT (DOCUMENT_ID, DOCUMENT_TYPE_ID, NAME) VALUES (8, 3, 'свидетельство о рождении2');
INSERT INTO DOCUMENT (DOCUMENT_ID, DOCUMENT_TYPE_ID, NAME) VALUES (9, 3, 'свидетельство о рождении3');

-- CALL ADD_DOCUMENT('паспорт1', 'passport');
-- CALL ADD_DOCUMENT('паспорт2', 'passport');
-- CALL ADD_DOCUMENT('паспорт3', 'passport');
--
-- CALL ADD_DOCUMENT('водительское удостоверение1', 'driverLicense');
-- CALL ADD_DOCUMENT('водительское удостоверение2', 'driverLicense');
-- CALL ADD_DOCUMENT('водительское удостоверение3', 'driverLicense');
--
-- CALL ADD_DOCUMENT('свидетельство о рождении1', 'birthCertificate');
-- CALL ADD_DOCUMENT('свидетельство о рождении2', 'birthCertificate');
-- CALL ADD_DOCUMENT('свидетельство о рождении3', 'birthCertificate');

INSERT INTO ATTRIBUTE_VALUE (DOCUMENT_ID, VALUE, ATTRIBUTE_ID) VALUES (1, '11.11.2011', 1);
INSERT INTO ATTRIBUTE_VALUE (DOCUMENT_ID, VALUE, ATTRIBUTE_ID) VALUES (1, '11.11.2001', 2);
INSERT INTO ATTRIBUTE_VALUE (DOCUMENT_ID, VALUE, ATTRIBUTE_ID) VALUES (1, 'Иванов Иван Иванович', 5);
INSERT INTO ATTRIBUTE_VALUE (DOCUMENT_ID, VALUE, ATTRIBUTE_ID) VALUES (1, '7878 787878', 3);
INSERT INTO ATTRIBUTE_VALUE (DOCUMENT_ID, VALUE, ATTRIBUTE_ID) VALUES (2, '11.11.2012', 1);
INSERT INTO ATTRIBUTE_VALUE (DOCUMENT_ID, VALUE, ATTRIBUTE_ID) VALUES (2, '11.11.2002', 2);
INSERT INTO ATTRIBUTE_VALUE (DOCUMENT_ID, VALUE, ATTRIBUTE_ID) VALUES (2, 'Петров Пётр Петрович', 5);
INSERT INTO ATTRIBUTE_VALUE (DOCUMENT_ID, VALUE, ATTRIBUTE_ID) VALUES (2, '7777 787878', 3);
INSERT INTO ATTRIBUTE_VALUE (DOCUMENT_ID, VALUE, ATTRIBUTE_ID) VALUES (3, '11.11.2013', 1);
INSERT INTO ATTRIBUTE_VALUE (DOCUMENT_ID, VALUE, ATTRIBUTE_ID) VALUES (3, '11.11.2003', 2);
INSERT INTO ATTRIBUTE_VALUE (DOCUMENT_ID, VALUE, ATTRIBUTE_ID) VALUES (3, 'Колбасян Винегрет Чегеварович', 5);
INSERT INTO ATTRIBUTE_VALUE (DOCUMENT_ID, VALUE, ATTRIBUTE_ID) VALUES (3, '7979 787878', 3);

-- CALL ADD_ATTRIBUTE_VALUE_TO_DOCUMENT('dateIssue', '11.11.2011', 'паспорт1');
-- CALL ADD_ATTRIBUTE_VALUE_TO_DOCUMENT('dateIssue', '11.11.2012', 'паспорт2');
-- CALL ADD_ATTRIBUTE_VALUE_TO_DOCUMENT('dateIssue', '11.11.2013', 'паспорт3');
-- CALL ADD_ATTRIBUTE_VALUE_TO_DOCUMENT('dateBirth', '11.11.2001', 'паспорт1');
-- CALL ADD_ATTRIBUTE_VALUE_TO_DOCUMENT('dateBirth', '11.11.2002', 'паспорт2');
-- CALL ADD_ATTRIBUTE_VALUE_TO_DOCUMENT('dateBirth', '11.11.2003', 'паспорт3');
-- CALL ADD_ATTRIBUTE_VALUE_TO_DOCUMENT('name', 'Иванов Иван Иванович', 'паспорт1');
-- CALL ADD_ATTRIBUTE_VALUE_TO_DOCUMENT('name', 'Петров Пётр Петрович', 'паспорт2');
-- CALL ADD_ATTRIBUTE_VALUE_TO_DOCUMENT('name', 'Колбасян Винегрет Чегеварович', 'паспорт3');
-- CALL ADD_ATTRIBUTE_VALUE_TO_DOCUMENT('passportSerialNumber', '7878 787878', 'паспорт1');
-- CALL ADD_ATTRIBUTE_VALUE_TO_DOCUMENT('passportSerialNumber', '8787 878787', 'паспорт2');
-- CALL ADD_ATTRIBUTE_VALUE_TO_DOCUMENT('passportSerialNumber', '8989 898989', 'паспорт3');

INSERT INTO ATTRIBUTE_VALUE (DOCUMENT_ID, VALUE, ATTRIBUTE_ID) VALUES (4, '11.11.2011', 1);
INSERT INTO ATTRIBUTE_VALUE (DOCUMENT_ID, VALUE, ATTRIBUTE_ID) VALUES (4, '11.11.2001', 2);
INSERT INTO ATTRIBUTE_VALUE (DOCUMENT_ID, VALUE, ATTRIBUTE_ID) VALUES (4, 'Иванов Иван Иванович', 5);
INSERT INTO ATTRIBUTE_VALUE (DOCUMENT_ID, VALUE, ATTRIBUTE_ID) VALUES (4, '7878 7878', 4);
INSERT INTO ATTRIBUTE_VALUE (DOCUMENT_ID, VALUE, ATTRIBUTE_ID) VALUES (5, '11.11.2012', 1);
INSERT INTO ATTRIBUTE_VALUE (DOCUMENT_ID, VALUE, ATTRIBUTE_ID) VALUES (5, '11.11.2002', 2);
INSERT INTO ATTRIBUTE_VALUE (DOCUMENT_ID, VALUE, ATTRIBUTE_ID) VALUES (5, 'Петров Пётр Петрович', 5);
INSERT INTO ATTRIBUTE_VALUE (DOCUMENT_ID, VALUE, ATTRIBUTE_ID) VALUES (5, '7777 7878', 4);
INSERT INTO ATTRIBUTE_VALUE (DOCUMENT_ID, VALUE, ATTRIBUTE_ID) VALUES (6, '11.11.2013', 1);
INSERT INTO ATTRIBUTE_VALUE (DOCUMENT_ID, VALUE, ATTRIBUTE_ID) VALUES (6, '11.11.2003', 2);
INSERT INTO ATTRIBUTE_VALUE (DOCUMENT_ID, VALUE, ATTRIBUTE_ID) VALUES (6, 'Колбасян Винегрет Чегеварович', 5);
INSERT INTO ATTRIBUTE_VALUE (DOCUMENT_ID, VALUE, ATTRIBUTE_ID) VALUES (6, '7979 7878', 4);

-- CALL ADD_ATTRIBUTE_VALUE_TO_DOCUMENT('dateIssue', '11.11.2011', 'водительское удостоверение1');
-- CALL ADD_ATTRIBUTE_VALUE_TO_DOCUMENT('dateIssue', '11.11.2012', 'водительское удостоверение2');
-- CALL ADD_ATTRIBUTE_VALUE_TO_DOCUMENT('dateIssue', '11.11.2013', 'водительское удостоверение3');
-- CALL ADD_ATTRIBUTE_VALUE_TO_DOCUMENT('dateBirth', '11.11.2001', 'водительское удостоверение1');
-- CALL ADD_ATTRIBUTE_VALUE_TO_DOCUMENT('dateBirth', '11.11.2002', 'водительское удостоверение2');
-- CALL ADD_ATTRIBUTE_VALUE_TO_DOCUMENT('dateBirth', '11.11.2003', 'водительское удостоверение3');
-- CALL ADD_ATTRIBUTE_VALUE_TO_DOCUMENT('name', 'Иванов Иван Иванович', 'водительское удостоверение1');
-- CALL ADD_ATTRIBUTE_VALUE_TO_DOCUMENT('name', 'Петров Пётр Петрович', 'водительское удостоверение2');
-- CALL ADD_ATTRIBUTE_VALUE_TO_DOCUMENT('name', 'Колбасян Винегрет Чегеварович', 'водительское удостоверение3');
-- CALL ADD_ATTRIBUTE_VALUE_TO_DOCUMENT('driverLicenseSerialNumber', '123 123', 'водительское удостоверение1');
-- CALL ADD_ATTRIBUTE_VALUE_TO_DOCUMENT('driverLicenseSerialNumber', '123 124', 'водительское удостоверение2');
-- CALL ADD_ATTRIBUTE_VALUE_TO_DOCUMENT('driverLicenseSerialNumber', '123 125', 'водительское удостоверение3');

INSERT INTO ATTRIBUTE_VALUE (DOCUMENT_ID, VALUE, ATTRIBUTE_ID) VALUES (7, '11.11.2011', 1);
INSERT INTO ATTRIBUTE_VALUE (DOCUMENT_ID, VALUE, ATTRIBUTE_ID) VALUES (7, '11.11.2011', 2);
INSERT INTO ATTRIBUTE_VALUE (DOCUMENT_ID, VALUE, ATTRIBUTE_ID) VALUES (7, 'Иванов Иван Иванович', 5);
INSERT INTO ATTRIBUTE_VALUE (DOCUMENT_ID, VALUE, ATTRIBUTE_ID) VALUES (7, 'Иванов Иван Иванович', 6);
INSERT INTO ATTRIBUTE_VALUE (DOCUMENT_ID, VALUE, ATTRIBUTE_ID) VALUES (7, 'Иванова Мария Ивановна', 7);
INSERT INTO ATTRIBUTE_VALUE (DOCUMENT_ID, VALUE, ATTRIBUTE_ID) VALUES (8, '7878 7878', 4);
INSERT INTO ATTRIBUTE_VALUE (DOCUMENT_ID, VALUE, ATTRIBUTE_ID) VALUES (8, '11.11.2012', 1);
INSERT INTO ATTRIBUTE_VALUE (DOCUMENT_ID, VALUE, ATTRIBUTE_ID) VALUES (8, '11.11.2012', 2);
INSERT INTO ATTRIBUTE_VALUE (DOCUMENT_ID, VALUE, ATTRIBUTE_ID) VALUES (8, 'Петров Пётр Петрович', 5);
INSERT INTO ATTRIBUTE_VALUE (DOCUMENT_ID, VALUE, ATTRIBUTE_ID) VALUES (8, 'Петров Пётр Петрович', 6);
INSERT INTO ATTRIBUTE_VALUE (DOCUMENT_ID, VALUE, ATTRIBUTE_ID) VALUES (8, 'Петрова Надежда Петровна', 7);
INSERT INTO ATTRIBUTE_VALUE (DOCUMENT_ID, VALUE, ATTRIBUTE_ID) VALUES (9, '11.11.2013', 1);
INSERT INTO ATTRIBUTE_VALUE (DOCUMENT_ID, VALUE, ATTRIBUTE_ID) VALUES (9, '11.11.2013', 2);
INSERT INTO ATTRIBUTE_VALUE (DOCUMENT_ID, VALUE, ATTRIBUTE_ID) VALUES (9, 'Колбасян Винегрет Чегеварович', 5);
INSERT INTO ATTRIBUTE_VALUE (DOCUMENT_ID, VALUE, ATTRIBUTE_ID) VALUES (9, 'Чегевара', 6);
INSERT INTO ATTRIBUTE_VALUE (DOCUMENT_ID, VALUE, ATTRIBUTE_ID) VALUES (9, 'Колбасян Даздраперма Плапупровна', 7);

-- CALL ADD_ATTRIBUTE_VALUE_TO_DOCUMENT('dateIssue', '11.11.2011', 'свидетельство о рождении1');
-- CALL ADD_ATTRIBUTE_VALUE_TO_DOCUMENT('dateIssue', '11.11.2012', 'свидетельство о рождении2');
-- CALL ADD_ATTRIBUTE_VALUE_TO_DOCUMENT('dateIssue', '11.11.2013', 'свидетельство о рождении3');
-- CALL ADD_ATTRIBUTE_VALUE_TO_DOCUMENT('dateBirth', '11.11.2001', 'свидетельство о рождении1');
-- CALL ADD_ATTRIBUTE_VALUE_TO_DOCUMENT('dateBirth', '11.11.2002', 'свидетельство о рождении2');
-- CALL ADD_ATTRIBUTE_VALUE_TO_DOCUMENT('dateBirth', '11.11.2003', 'свидетельство о рождении3');
-- CALL ADD_ATTRIBUTE_VALUE_TO_DOCUMENT('name', 'Иванов Иван Иванович', 'свидетельство о рождении1');
-- CALL ADD_ATTRIBUTE_VALUE_TO_DOCUMENT('name', 'Петров Пётр Петрович', 'свидетельство о рождении2');
-- CALL ADD_ATTRIBUTE_VALUE_TO_DOCUMENT('name', 'Колбасян Винегрет Чегеварович', 'свидетельство о рождении3');
-- CALL ADD_ATTRIBUTE_VALUE_TO_DOCUMENT('nameMother', 'Иванова Мария Ивановна', 'свидетельство о рождении1');
-- CALL ADD_ATTRIBUTE_VALUE_TO_DOCUMENT('nameMother', 'Петрова Надежда Петровна', 'свидетельство о рождении2');
-- CALL ADD_ATTRIBUTE_VALUE_TO_DOCUMENT('nameMother', 'Колбасян Даздраперма Плапупровна', 'свидетельство о рождении3');
-- CALL ADD_ATTRIBUTE_VALUE_TO_DOCUMENT('nameFather', 'Иванов Иван Иванович', 'свидетельство о рождении1');
-- CALL ADD_ATTRIBUTE_VALUE_TO_DOCUMENT('nameFather', 'Петров Пётр Петрович', 'свидетельство о рождении2');
-- CALL ADD_ATTRIBUTE_VALUE_TO_DOCUMENT('nameFather', 'Чегевара', 'свидетельство о рождении3');

INSERT INTO USER (USER_ID, NAME, PASSWORD) VALUES (1, 'user', 'user');
INSERT INTO USER (USER_ID, NAME, PASSWORD) VALUES (2, 'huyuser', 'huyuser');

INSERT INTO ROLE (ROLE_ID, NAME, DESCRIPTION) VALUES (1, 'user_role', 'role for user');
INSERT INTO ROLE (ROLE_ID, NAME, DESCRIPTION) VALUES (2, 'huyuser_role', 'role for huyuser');

INSERT INTO USER_ROLE (USER_ID, ROLE_ID) VALUES (1, 1);
INSERT INTO USER_ROLE (USER_ID, ROLE_ID) VALUES (1, 2);
INSERT INTO USER_ROLE (USER_ID, ROLE_ID) VALUES (2, 2);